{
  "feature_names": [
    "relevance",
    "engagement",
    "recency",
    "tag_overlap",
    "network",
    "social"
  ],
  "weights": {
    "relevance": 1.6312504976724216,
    "engagement": 0.05999420489832274,
    "recency": 0.0912894336596764,
    "tag_overlap": 1.786872598303344,
    "network": 1.2456460743390594,
    "social": -1.0858865218100209
  },
  "bias": -0.6442008842925406,
  "trained_at": "2026-02-17T15:44:48.675312+00:00",
  "training_samples": 15,
  "epochs": 1000
}